Query,Qty,Manufacturer,MPN,Octopart URL,Part Description,Description,Schematic Reference,Internal Part Number,Lifecycle,Lead Time,RoHS,Total Qty (@ Batch Size: 1),SKU,SKU,SKU,SKU,SKU,Packaging,Packaging,Packaging,Packaging,Packaging,Unit Price (@ Batch Size: 1),Unit Price (@ Batch Size: 1),Unit Price (@ Batch Size: 1),Unit Price (@ Batch Size: 1),Unit Price (@ Batch Size: 1),In Stock,In Stock,In Stock,In Stock,In Stock,MOQ,MOQ,MOQ,MOQ,MOQ,URL,URL,URL,URL,URL,Distributor [Lowest Price (Selected)],SKU [Lowest Price (Selected)],Packaging [Lowest Price (Selected)],Unit Price (@ Batch Size: 1) [Lowest Price (Selected)],Line Total [Lowest Price (Selected)],Batch Total [Lowest Price (Selected)],In Stock [Lowest Price (Selected)],MOQ [Lowest Price (Selected)],URL [Lowest Price (Selected)],Notes
,,,,,,,,,,,,,Digi-Key,Mouser,Newark,Onlinecomponents.com,RS Components,Digi-Key,Mouser,Newark,Onlinecomponents.com,RS Components,Digi-Key,Mouser,Newark,Onlinecomponents.com,RS Components,Digi-Key,Mouser,Newark,Onlinecomponents.com,RS Components,Digi-Key,Mouser,Newark,Onlinecomponents.com,RS Components,Digi-Key,Mouser,Newark,Onlinecomponents.com,RS Components,,,,,,,,,,
KGM05AR71C104JN,5,KYOCERA AVX,KGM05AR71C104JN,https://octopart.com/kgm05ar71c104jn-kyocera+avx-137404918,Cap Cer 0.1UF 16V X7R 0402,0.1uF,"C1, C24, C40, C56, C72",,,,,5,,,,,,,,,,,,,,,,,,,,,,,,,,,,,,,,,,,,,,,,
GRM32EC81A476KE19L,15,Murata,GRM32EC81A476KE19L,https://octopart.com/grm32ec81a476ke19l-murata-18041261,"Multilayer Ceramic Capacitor, 47 uF, 10 V, ± 10%, X6S, 1210 [3225 Metric]",47uF,"C2, C3, C4, C25, C26, C27, C41, C42, C43, C57, C58, C59, C73, C74, C75",,Production (Last Updated: 1 month ago),19w,Compliant,15,490-8354-1-ND,81-GRM32EC81A476KE9L,43T5299,,,Cut Tape,Tape & Reel,Cut Tape,,,0.289,0.463,0.482,,,43324,3526,709,,,1,1,1,,,https://octopart.com/opatz8j6/a1?t=kr73VKsF0eFVmfKHZ4VS-RGAoJQXjkdSkHyqL3hef4mREpts4wRSC37CbAm871I_qKTPdbpKYpMdqvzYB9z-giL8Q7T69585NV_5RzdJ2g5szL9hV63HxGUskssn28yvRqVM_6C7P0QzOZEI_FsUx2b1HiLa46If4Jcojle9Jgeaknr8lCw2VtoZnrR8esFfTC2DmKOj1DJLDJC3Z_mjuhQ5CuthyUO49vN1mifUylLn1X-RcopM6J4DU_S7HUUchI1o,https://octopart.com/opatz8j6/a1?t=Xfg0vpCUlGH4kogXOWX5BVDIZ0-Z987fIWrgda2G9Ihbi1f4AD1gksRYL82OuapyKVcbJcGyY73jAwQvHapso2LU4aSpMziuATmlfacNOsduTeXNwlavHoXpxFv2APxB8YJRdsFy_GXVmEuENHmSBxPuwkuHKrrLhoVw6QqqcAbVE6yWv3P5iY9h2prD2lfv_u0k3qyESxXZs0zQRyz2Le-s12YRM3wuHJ9GjtSerwHcwcv0pgJpLKkhvlwNfR8G-KUryA,https://octopart.com/opatz8j6/a1?t=0aqwJpospI2puJjWHy9080wfPaGW-kXRprzvPWFUf1ZqkwePvvhQMwVYGN0cXPtNM5lV1vbC5fxLgXvD7_torbz5X8CULKXJqHEGcWIf8lHXKXTQr8cuXZcRxfTiCC8P5u0RbvdrsjvgtVbOEjShHJgPd2seC_iA2f8LVrai2Vtsnr-fZlYq1u97uk0-KzVpkC7Z6tZP-Ii1xmbO9ebV7z1Tq2wsf0LfHxC1b4ft-EszN0AxqH5dTY6WYCGWsygNHs9idg,,,DigiKey,490-8354-1-ND,Cut Tape,0.289,4.335,4.335,43324,1,https://octopart.com/opatz8j6/a1?t=kr73VKsF0eFVmfKHZ4VS-RGAoJQXjkdSkHyqL3hef4mREpts4wRSC37CbAm871I_qKTPdbpKYpMdqvzYB9z-giL8Q7T69585NV_5RzdJ2g5szL9hV63HxGUskssn28yvRqVM_6C7P0QzOZEI_FsUx2b1HiLa46If4Jcojle9Jgeaknr8lCw2VtoZnrR8esFfTC2DmKOj1DJLDJC3Z_mjuhQ5CuthyUO49vN1mifUylLn1X-RcopM6J4DU_S7HUUchI1o,
CL10A226MO7JZNC,28,Samsung,CL10A226MO7JZNC,https://octopart.com/cl10a226mo7jznc-samsung-82337114,"Multilayer Ceramic Capacitor, 22 uF, 16 V, ± 20%, X5R, 0603 [1608 Metric]",47uF,"C5, C11, C12, C16, C28, C29, C30, C31, C44, C45, C46, C47, C60, C61, C62, C63, C76, C77, C78, C79, C8, C20, C36, C52, C68, C82, C83, C84",,Production (Last Updated: 4 years ago),22w,Non-Compliant,28,1276-7076-1-ND,187-CL10A226MO7JZNC,,,,Cut Tape,Tape & Reel,,,,0.398,0.317,,,,1140870,334159,,,,1,1,,,,https://octopart.com/opatz8j6/a1?t=NNKHSNYTU6FRQN6Q77xOKoeolkPrlLPpSNv4KctZvj5-Fxy93dGOuA3zn6AXHhPindY3x6Pl-0icL-W6J43DmCPIUUKrfPK5STe5dt-iDeyi-gKyZIi6v1pmKbpm1Z0N7xjTr0fuWg9CT-r4XHHMy2q7wSsJtxarpdqjYm_kj27EOJ_KKT_XXnIBjFzn93PLAF8zVwjo5AWVMQhQvO1Bot-DqOHqfVvHpbfeZqGIvNTgGjmCCskX0PVR0ULBmwNRoAJyhnVq98djjuZ5lhJ2x8NOTyxCHpsiSg,https://octopart.com/opatz8j6/a1?t=OtB6GASyGQNjwRlIAXYpGx-gRKDFJNWW2EPKNK7lPuN0NvIM1Q-kf7PVNxEks5H9PaLkcAS6SLmp-OT6ZPGmoYjFnUQCzLAAT0iN7CBZIdCgT2tCrJRhYMOebKB_eLAFfdlKHkQxifaZIlSkD87Fj7Hh5JAW6IhURDVxvbEzzXOiDmUf9hijlFaUloWpyoH1X5eIqu_mkZvSESw1SfRisTv3Ioe_yMocsjGdx16quSzpp_NurlsSLj-xm0lUvYSLIfJ8goludpb9nqRJCGUba7aaQke_41XidQI,,,,Mouser,187-CL10A226MO7JZNC,Tape & Reel,0.317,8.876,8.876,334159,1,https://octopart.com/opatz8j6/a1?t=OtB6GASyGQNjwRlIAXYpGx-gRKDFJNWW2EPKNK7lPuN0NvIM1Q-kf7PVNxEks5H9PaLkcAS6SLmp-OT6ZPGmoYjFnUQCzLAAT0iN7CBZIdCgT2tCrJRhYMOebKB_eLAFfdlKHkQxifaZIlSkD87Fj7Hh5JAW6IhURDVxvbEzzXOiDmUf9hijlFaUloWpyoH1X5eIqu_mkZvSESw1SfRisTv3Ioe_yMocsjGdx16quSzpp_NurlsSLj-xm0lUvYSLIfJ8goludpb9nqRJCGUba7aaQke_41XidQI,
CL05A105KO5NNNC,5,Samsung,CL05A105KO5NNNC,https://octopart.com/cl05a105ko5nnnc-samsung-9301309,"Multilayer Ceramic Capacitor, 1 uF, 16 V, ± 10%, X5R, 0402 [1005 Metric]",1uF,"C6, C22, C38, C54, C70",,Production (Last Updated: 4 years ago),22w,Compliant,5,1276-1067-1-ND,187-CL05A105KO5NNNC,82AC9181,,,Cut Tape,Tape & Reel,Cut Tape,,,0.1,0.1,0.104,,,3677274,281660,14503,,,1,1,1,,,https://octopart.com/opatz8j6/a1?t=t7jA65Wx3WgrkPciuh8zIeNSOT8FuVYvH6WBLTVjj08hRkg-O3rBtk-3Qr_aMO5Mxb9lOw6KxtUl-JsAenBVRQTNeASwA2FuFGRA47OyrKQBpV9rt7n1qnDxXby9IuNG3WsDdIBhjyO6tQ4xx-_9_vYPqw6BaOQmnYlPoIGGEAMDwCO_hcloevRvbKGzQCQ2D0gk98r9R5-ZIBdTf92uA1CC2pLVEA8Grrwm675Q1r5vx-TGGgHrX5pj-TMT4z__VMFu-X5lFarylZUsmlu6ZJX3gygylfI,https://octopart.com/opatz8j6/a1?t=HAbsTUtoBJXEJFnocSt8Xej4fINZZDplqCbE9msjROcQGck1XyMffVWopuGyzgVzWdv9629hBmmfQ05LwhTlf4dHfA-s9XLifcB9nLJ9KgklUu05HqYPYt2oi7oKNufvXz94DnWa5osc9_uK1kgjV15CpaWxuPciStwOp0A50o5kNlSdm76oUSX5iK2VkAWfe5JK3C2ds2p8q3lAIsA_6QzU_DmOsO-IP5d3b9YxazVemr3hGYLKnwAothtax-5ZBwyVPTk9O-vV4GfsLMbddr8kx20Zh6v6Sg,https://octopart.com/opatz8j6/a1?t=RnOw0BFNY1IdVP-bmTv_uDRS7ANjBsMeuZctT4vv61aQyAJ-vOVWfa9LgPVVHKAc8Z0gjGtV_BWWPEM_qi5b6YerQ3yAW9ywe_jtehjk9CJY4NGy0B7gc9uYokDd_0t9MM6PsBSrPJekLm5e7rVKZJprhrGFHxzVlgSqTJxAljqOfcc-kgREpFpNYGhdWG53IRIyflYdcEL06avavJU1U6EU3QY0LGe7DClYH7LYxsDJcFxx_B0ov_puOn7SpouE-wkaQknMCyAbUaWXEePSeJHPfCd6T7ajZA,,,DigiKey,1276-1067-1-ND,Cut Tape,0.1,0.5,0.5,3677274,1,https://octopart.com/opatz8j6/a1?t=t7jA65Wx3WgrkPciuh8zIeNSOT8FuVYvH6WBLTVjj08hRkg-O3rBtk-3Qr_aMO5Mxb9lOw6KxtUl-JsAenBVRQTNeASwA2FuFGRA47OyrKQBpV9rt7n1qnDxXby9IuNG3WsDdIBhjyO6tQ4xx-_9_vYPqw6BaOQmnYlPoIGGEAMDwCO_hcloevRvbKGzQCQ2D0gk98r9R5-ZIBdTf92uA1CC2pLVEA8Grrwm675Q1r5vx-TGGgHrX5pj-TMT4z__VMFu-X5lFarylZUsmlu6ZJX3gygylfI,
CL32A226KPJNNNE,15,Samsung,CL32A226KPJNNNE,https://octopart.com/cl32a226kpjnnne-samsung-20879308,Cap Ceramic 22uF 10V X5R 10% SMD 1210 85°C Embossed T/R,22uF,"C9, C14, C15, C17, C18, C19, C33, C34, C35, C49, C50, C51, C65, C66, C67",,Production (Last Updated: 4 years ago),22w,Compliant,15,1276-3372-1-ND,187-CL32A226KPJNNNE,,,,Cut Tape,Tape & Reel,,,,0.198,0.147,,,,324463,119352,,,,1,1,,,,https://octopart.com/opatz8j6/a1?t=iYnO-ouTQgSGvnVwFVjz6IN64a9FRLicLdC70oKzgHdYvjBnG6MZ8U-NIJvF6W4PvKb6pkw7Mmfm3N-6Whus4NOId_hct38EN1zPJPXYjlovwpabge_A_dXKGypw-p5PRZSUtSdUnvMdV7Ht_bfyyAOrvskpWohmvF6bxkpVPA4kw5dKuskS2P-oh3s9ffkJFePM32-kxLpeaqWHePi3mdHkj0c8dbl1hvg7tQczaouReKbiy5XW0m8YdaCDbi3bGjVe,https://octopart.com/opatz8j6/a1?t=TqLScD3EyJjmvplfObqCIPgVgbO9qaE_pLlPk9s_Ep3usLqlS64b2FAdJfXjm-68ljwnBrlZTv7z57TYXbFgYzr2GYqnQG5wjCkYi3wb2R_BHVM2K8RUyTnIHbA50vFf5hs83T4O01EWws2v5xR62bMJ30rxY8UqVRbCWESNxgqZ_Y9JmjekblXIvRMdNnpKkHQSQcEpLCpxyugNi9fh-ftkGZN8lFCWd3ZMUoA1EbxH4nDLODu2KN-8jSbr0QfHaalSJVo,,,,Mouser,187-CL32A226KPJNNNE,Tape & Reel,0.147,2.205,2.205,119352,1,https://octopart.com/opatz8j6/a1?t=TqLScD3EyJjmvplfObqCIPgVgbO9qaE_pLlPk9s_Ep3usLqlS64b2FAdJfXjm-68ljwnBrlZTv7z57TYXbFgYzr2GYqnQG5wjCkYi3wb2R_BHVM2K8RUyTnIHbA50vFf5hs83T4O01EWws2v5xR62bMJ30rxY8UqVRbCWESNxgqZ_Y9JmjekblXIvRMdNnpKkHQSQcEpLCpxyugNi9fh-ftkGZN8lFCWd3ZMUoA1EbxH4nDLODu2KN-8jSbr0QfHaalSJVo,
CL10A475KP8NNNC,6,Samsung,CL10A475KP8NNNC,https://octopart.com/cl10a475kp8nnnc-samsung-9301844,"Multilayer Ceramic Capacitor, 4.7 uF, 10 V, ± 10%, X5R, 0603 [1608 Metric]",4.7uF,"C10, C23, C39, C55, C71, C88",,Production (Last Updated: 4 years ago),22w,Compliant,6,1276-1044-1-ND,187-CL10A475KP8NNNC,82AC9299,,,Cut Tape,Tape & Reel,Cut Tape,,,0.1,0.1,0.104,,,7501831,1131283,5722,,,1,1,1,,,https://octopart.com/opatz8j6/a1?t=b9Ojf8q3AmL6s9ELcLqxl1sd3c5ZN2wK2N6rhtPE0mABh0fOD6iQl4bOmNalEJAqBKurjlEpsjDN2gsepYHWRQv029y9a7aC63fj1fkxXhx4hF533uZMqRAHqvLu6z-TKu7wrVSG0JZQ3k4zf1L_hI8w5SROSNDeHmxt7Zyc2zaROfVo6AXw2e-gtIJulDte1vUvp1iLHJ42M_SAsVzPBJaJgILMq6FT0RW1gojTMRdRFcvcWpgw1qRMALCxQpkZHwQ,https://octopart.com/opatz8j6/a1?t=ZkgkVfC8TC-yEh6yz4vCqBrme7I2mUy1DXPIYM4uwZL0PoiF4b4xXr6LlijZrCr8U646yNpa9coQOGVewoem4XMLXQ4pJd6nxN2o7rO0GCeb2tVl6iN9xvaPdbXj9B2Oxn5u6MGuLjZ4sWNa4BU8l5qylVrqvkx1fN3DcJE9fy0SovkGjMax_Fi__7ZhkM2dGMTB2jkuM6cy5MlegfC4RjMiMkuv3RTbwnHdIHyKgvjmr69_9EqAGeUjE5j-_-m48u_JcQ,https://octopart.com/opatz8j6/a1?t=27xyBY1rnb2PT_t2eQp_xuJ9pulelAwT8dggbBqoYfCWQLvIGtzDr70ihfkPPYqnVb2creHIfQXRv0pJx5tINI3HG7oYNHaXrCDsKP6trQQS6seBrUsGkxnz80xzDpPQtXA8H-fb7GF_eKutaSgD4ktywcDBafsVsvkqzLaTZi9Owffc0LzaQmacSLhQCHWqIerrIRKw5j-IiWaMNQcoQxMsfZtS37S2fIn9Td5U7wqWViZ7ka1fa0KEFxZNAldaQtM62A,,,DigiKey,1276-1044-1-ND,Cut Tape,0.1,0.6000000000000001,0.6000000000000001,7501831,1,https://octopart.com/opatz8j6/a1?t=b9Ojf8q3AmL6s9ELcLqxl1sd3c5ZN2wK2N6rhtPE0mABh0fOD6iQl4bOmNalEJAqBKurjlEpsjDN2gsepYHWRQv029y9a7aC63fj1fkxXhx4hF533uZMqRAHqvLu6z-TKu7wrVSG0JZQ3k4zf1L_hI8w5SROSNDeHmxt7Zyc2zaROfVo6AXw2e-gtIJulDte1vUvp1iLHJ42M_SAsVzPBJaJgILMq6FT0RW1gojTMRdRFcvcWpgw1qRMALCxQpkZHwQ,
CL10B104KB8NNNL,5,Samsung,CL10B104KB8NNNL,https://octopart.com/cl10b104kb8nnnl-samsung-21395620,"Multilayer Ceramic Capacitor, 0.1 uF, 50 V, ± 10%, X7R, 0603 [1608 Metric]",0.1uF,"C13, C32, C48, C64, C80",,Production (Last Updated: 4 years ago),22w,Compliant,5,1276-CL10B104KB8NNNLCT-ND,187-CL10B104KB8NNNL,,,,Cut Tape,Tape & Reel,,,,0.1,0.1,,,,2569681,390005,,,,1,1,,,,https://octopart.com/opatz8j6/a1?t=K5i2kyA5ZhEslmDmTZS0SuB6SS0TQclVBDb_VzPFOmBWiPWe81kobZgFgXFmLnsXqmnQ1Kz39XeMlwWja4LULDIT2eEcUbmOjFPV604nmSxpVMu0XMWoDYbeP8mLyQFR0Yf6Ndb2Ll_BAzSn_4TrhmigxnBccECCukfSZS8R3jte44EjE7HsA-UdOfNcGPmpy162mx7GQYoLbeBCS5uqZB5A691gL9wE2bujyQettCfu9ADrWNu_uUtqbh5IEHVuv7IYQQ,https://octopart.com/opatz8j6/a1?t=qlFvxJL_CWLDRxEGZJ8TKQOOwkIuHtHkV4CvPwGb6ohX64JNVk56gu7WWxSxc0rKzXli0fqlELB10NJaqGVGCcXy6qYe1f0X2_JvGe981mljPgeL1gNxPtcm5UN1r2A-T1W8KEamPmEOrjRy2h_OYrzXdiafn-W-JaouM4e8iXyDu_AybI011KiPTjvjPl76PGJFpKxVJSW5p4UihohuFWpBgvP8hFZE9OvtdOWBsTkMNhIF2fHMr6CIwPI4WYeH7n0ZPoY,,,,DigiKey,1276-CL10B104KB8NNNLCT-ND,Cut Tape,0.1,0.5,0.5,2569681,1,https://octopart.com/opatz8j6/a1?t=K5i2kyA5ZhEslmDmTZS0SuB6SS0TQclVBDb_VzPFOmBWiPWe81kobZgFgXFmLnsXqmnQ1Kz39XeMlwWja4LULDIT2eEcUbmOjFPV604nmSxpVMu0XMWoDYbeP8mLyQFR0Yf6Ndb2Ll_BAzSn_4TrhmigxnBccECCukfSZS8R3jte44EjE7HsA-UdOfNcGPmpy162mx7GQYoLbeBCS5uqZB5A691gL9wE2bujyQettCfu9ADrWNu_uUtqbh5IEHVuv7IYQQ,
GRM188R61E106MA73J,4,Murata,GRM188R61E106MA73J,https://octopart.com/grm188r61e106ma73j-murata-46693355,"Multilayer Ceramic Capacitor, 10 uF, 25 V, ± 20%, X5R, 0603 [1608 Metric]",10uF,"C81, C86, C89, C90",,Production (Last Updated: 1 month ago),19w,Compliant,4,490-12737-1-ND,81-GRM188R61E106MA3J,,,,Cut Tape,Tape & Reel,,,,0.29,0.28,,,,93315,61644,,,,1,1,,,,https://octopart.com/opatz8j6/a1?t=RROgy0eAXEhduCVEiXdSOAVCelM3bViJTCF786R0P3yp85QJJIAh8sS5Qpjx4ujMbqx-d0wX2Qzr4tLJugyQIKg3pLLyGjSt0YmZF4iNsSCrG0mG7r5enOpT5oSAFE0r9w5zvSKk-X0GxnOoyErXNr7AKjXQ_suJyZss0mVV9S2F8t1CDrnIw5skHKPhi1tKMhkanYk3LV3iyU2CBT1ngjMfaCwaePy4Sp9zLcUOm2CI7mj29DbTCW0ghxGri2ko4K-8LA,https://octopart.com/opatz8j6/a1?t=3TrmHphHf-woRKr5JSQ4Qb5IGw2llIPaFqZ_ikVxxTIY_Fgj_39X1xQ49an5gRaCkh08NG6g-D5uOoKyvaaz4b5Z4Kf5_GrPBwaxevU9BmLQwK-z3jp3I0pxjzCY5X7JYYizYNMZdLW58W4jB_CDIa6BUgKkweIbpaQMOFQjTkvTZKuBj_32nO7WxQdZQAfQosq-rcYdBpmgxokQwv8GUpZ6gxe_TNOutZz5hxTNsusJr2KQ1QGiVYkgU7Fhc0zqQ4Gp77k,,,,Mouser,81-GRM188R61E106MA3J,Tape & Reel,0.28,1.12,1.12,61644,1,https://octopart.com/opatz8j6/a1?t=3TrmHphHf-woRKr5JSQ4Qb5IGw2llIPaFqZ_ikVxxTIY_Fgj_39X1xQ49an5gRaCkh08NG6g-D5uOoKyvaaz4b5Z4Kf5_GrPBwaxevU9BmLQwK-z3jp3I0pxjzCY5X7JYYizYNMZdLW58W4jB_CDIa6BUgKkweIbpaQMOFQjTkvTZKuBj_32nO7WxQdZQAfQosq-rcYdBpmgxokQwv8GUpZ6gxe_TNOutZz5hxTNsusJr2KQ1QGiVYkgU7Fhc0zqQ4Gp77k,
C1608X7R1E105K080AB,1,TDK,C1608X7R1E105K080AB,https://octopart.com/c1608x7r1e105k080ab-tdk-25947659,"Multilayer Ceramic Capacitor, 1 uF, 25 V, ± 10%, X7R, 0603 [1608 Metric]",1uF,C85,,Production (Last Updated: 1 year ago),24w,Compliant,1,445-5956-1-ND,810-C1608X7R1E105K,04X3256,,,Cut Tape,Tape & Reel,,,,0.19,0.19,0.223,,,212176,5918,2,,,1,1,1,,,https://octopart.com/opatz8j6/a1?t=Yf-LCX8KgokM70A7PHDwY7fsX67f3zzTqqv82qhnbLknkf9Ug_4rlRiClDoLnp7yj5bwPvPHWngxwlHFHBkqF25aa_h5uMjbwe03yj5J8Kr9lE9310wNX19u8VaPzG6ok2wHsNMNMh7BBf5FezARHHfxHlx5xcnGu9YmITHtBbppeV0-_0_bfswIzO7LcuzApOxuc7Bt4KEUdU6QrE3ESb2P7irpzZX5f7hrUbijGdPoTgXg7owhlcOUVAwGZFAyLxocxPXo_0RpsrH30E77WNg4iDqzIrKc,https://octopart.com/opatz8j6/a1?t=-j60n8ISBY-5fPuTsdhNh1D9COiycj6R2u8d-7maUisDf-QH7mEWqQ5ithboJzLck-KWgv4PFbAmojdwITXSj-7ERup7sJCwmsq0ZVoJL3Hk0f_TYBng2-rXTd25bZxZlp-ol5J4FMDOb1VfkyWY-Ff14xAwApVEIj2VCEPbszVGH7astG5UpwPW69BzJV4fMEk6kvZCqZgIpGWwP4L1zexoqy6bFZ_uJei5JMsxIACIsdVsROngyYFV34NCRdtGktbOXf36ZMWK1_MvqumuAtcQT4P2pLnJzA,https://octopart.com/opatz8j6/a1?t=EadEUfuUVEgP9-Z2mveV8-BN8nFD4MjH9GaZ2SPnyz7GoaWMtoUKV-5jpxbPW_GqWmXABfXdvagzlbUllvroHK3aUVCLZrVIJN2f3nfCoOdPpmodDHPH_MxK1MzyUBTGYkFspfmLumQITVCJHHb0uC-9qArsp7Y2ZMMWBrLorMhl-cbZCEIGDRVJp9xexBUizzNNAXDFKKM1mcb2V9tpYdrnVQT42_voiAPhdAtyVgOMTfEb8yL3nP48uDN98lv5SCZGp3UjkKyV8grKxU7-M6FN8SS_rD0w6w,,,DigiKey,445-5956-1-ND,Cut Tape,0.19,0.19,0.19,212176,1,https://octopart.com/opatz8j6/a1?t=Yf-LCX8KgokM70A7PHDwY7fsX67f3zzTqqv82qhnbLknkf9Ug_4rlRiClDoLnp7yj5bwPvPHWngxwlHFHBkqF25aa_h5uMjbwe03yj5J8Kr9lE9310wNX19u8VaPzG6ok2wHsNMNMh7BBf5FezARHHfxHlx5xcnGu9YmITHtBbppeV0-_0_bfswIzO7LcuzApOxuc7Bt4KEUdU6QrE3ESb2P7irpzZX5f7hrUbijGdPoTgXg7owhlcOUVAwGZFAyLxocxPXo_0RpsrH30E77WNg4iDqzIrKc,
CL10B473KO8NNNC,1,Samsung,CL10B473KO8NNNC,https://octopart.com/cl10b473ko8nnnc-samsung-9291615,Cap Ceramic 0.047uF 16V X7R 10% SMD 0603 125°C Paper T/R,47nF,C87,,Production (Last Updated: 4 years ago),22w,Compliant,1,1276-2079-1-ND,187-CL10B473KO8NNNC,,,,Cut Tape,Tape & Reel,,,,0.1,0.1,,,,1168873,7121,,,,1,1,,,,https://octopart.com/opatz8j6/a1?t=OW-wqXUu5SsHz-cyhtKDoPL9l6j_OKDoq9QkzpEqZnHno8XwJeSWvWWMUieeqJQyjXxCW92GN_NLVl8e7UaCnmr4Lk264q19_PFaZaUNYFitEWeG5Lv2HPKR-p-3Dl8mLvWOlb0nJU5tEBPsZ7WiBZiuiuGr0SeL7hE1LvLXQdhVjxRr0RZHblVqjDjuQ_sfyW5X-OCmwnNsYxjlEFkWGRFHksXP6FB9c49jv3veU6fKf9eVywyU_JywYEnXFkrqEUU,https://octopart.com/opatz8j6/a1?t=VPupn-6obvmnZa6JE4lWEK3cg4263Qlg2c7dSCC-kMchPoUj43fl-7nZHMShWFkpeZ8aS4oP37lMJFdE9wpVLUb5JasFY8XiPHpfPJy2nTmEDRf-3HG1inkFRBg5a52_vDtlOtt9Ujbujlm5DZRcTqB3Y9Aym5tWUXcg3diHu_g7OqdBpSuP9N9w23c0Lbpw_UJdqFZwmT1Qbf2k21cRbZb5a1Cqq2cr2KVlMcf5Ce5M86alJ_4gZ5LDMUxtS_wqHn5l5w,,,,DigiKey,1276-2079-1-ND,Cut Tape,0.1,0.1,0.1,1168873,1,https://octopart.com/opatz8j6/a1?t=OW-wqXUu5SsHz-cyhtKDoPL9l6j_OKDoq9QkzpEqZnHno8XwJeSWvWWMUieeqJQyjXxCW92GN_NLVl8e7UaCnmr4Lk264q19_PFaZaUNYFitEWeG5Lv2HPKR-p-3Dl8mLvWOlb0nJU5tEBPsZ7WiBZiuiuGr0SeL7hE1LvLXQdhVjxRr0RZHblVqjDjuQ_sfyW5X-OCmwnNsYxjlEFkWGRFHksXP6FB9c49jv3veU6fKf9eVywyU_JywYEnXFkrqEUU,
SIC437DED-T1-GE3,5,Vishay,SIC437DED-T1-GE3,https://octopart.com/sic437ded-t1-ge3-vishay-91387604,"3-28V input, 12A microBUCK with Internal compensation, External Bias, 50 µA quie",SIC437BED-T1-GE3,"IC1, IC2, IC3, IC4, IC5",,,14w,Compliant,5,SIC437DED-T1-GE3CT-ND,78-SIC437DED-T1-GE3,,,,Cut Tape,Tape & Reel,,,,1.93,1.93,,,,7480,1737,,,,1,1,,,,https://octopart.com/opatz8j6/a1?t=wgtUacwaBIqQcXbzDazfwFcF0Qa6oUKaQX-UoCgwAUMN6HftFw9KC3k1VyHllDABlHx_gLdOpAJn8ldi9rDfv7BlfjVo2W0xGaNQWT8TqBe9dR4M9kxeIbfyU_bmwYNbp4tzQHt5some4p5wJSYzdG2caKgqDjBtld0EBhCSJX3M6qPl2n3If1pnqf2Je_tmgu422j-DLlkuA7ZucEe0OgcvF_WxzSMWAWoa02US_5yjUbti3_08CAkBlX-iqrNfA6sNng,https://octopart.com/opatz8j6/a1?t=RGlL9l_1hQGwGu8EytsglCqZa6RdmUkbuHEmjMS8w6pOnL7SNFSy7MEOmcaBs8yu5ylsI2TpNL0-kE7XcyNXk-Bbvx21fkwyxxj_O8GiuytB45eyK5_JAQPu2n4pWjLptSmz1UG6bDNB1fPcKel6TaT-oox0DvEkEogquokHNe-XFp-A3_7gbd8U3PDB4xPfp1cUV3oW9ry_hfiz3_3JUZhe8NgeXc5TGBeiZtzorDZi67PNPrs7bOksERO-uVPsH-1gxeg,,,,Mouser,78-SIC437DED-T1-GE3,Tape & Reel,1.93,9.65,9.65,1737,1,https://octopart.com/opatz8j6/a1?t=RGlL9l_1hQGwGu8EytsglCqZa6RdmUkbuHEmjMS8w6pOnL7SNFSy7MEOmcaBs8yu5ylsI2TpNL0-kE7XcyNXk-Bbvx21fkwyxxj_O8GiuytB45eyK5_JAQPu2n4pWjLptSmz1UG6bDNB1fPcKel6TaT-oox0DvEkEogquokHNe-XFp-A3_7gbd8U3PDB4xPfp1cUV3oW9ry_hfiz3_3JUZhe8NgeXc5TGBeiZtzorDZi67PNPrs7bOksERO-uVPsH-1gxeg,
SRP7050TA-1R5M,6,Bourns,SRP7050TA-1R5M,https://octopart.com/srp7050ta-1r5m-bourns-64724107,Inductor Power Shielded Wirewound 1.5uH 20% 100KHz 15Q-Factor Carbonyl Powder 12A 0.009Ohm DCR Automotive T/R,1.5uH,"L1, L2, L3, L4, L5, L6",,,20w,Compliant,6,SRP7050TA-1R5MCT-ND,652-SRP7050TA-1R5M,,SRP7050TA-1R5M,,Cut Tape,Tape & Reel,,Bulk,,1.32,1.12,,,,1293,3054,,1600,,1,1,,800,,https://octopart.com/opatz8j6/a1?t=N_qVnSec2v-EFBrIdpu23OQDyp2pHmVeWDixR_Urs7PNp1x_BSlFLDJmo55aHNUL1L6wHHsjWLv9ktQ1XD-BmRPtaxcRVM3BtIUm1eA_J_j0oeuCfc3-PmwAqygGbseHlSE-QbbiUi1Bar5T2kIM5061recXheC5fyePN6NUY4GMn-0F5Wn2ikZtsHU8nk_B8jx2yFdkDACJV5dfqBLpgWTUO18lADrYQCLj0T2S24y0ZM4XphY7dCmVEPXtzhKxBy7X8w,https://octopart.com/opatz8j6/a1?t=awYounUb4msZ-4rmHsIO2q6AD898wxBS0YOSWl2GMD13lJ61iWhDd7G-LZAzLBU2j25_p79MBBu4XeJW5fWmV39sGTcCEwWZU9cevG-q0VAQcOS0Hte-ZQdhaHlz0-QbvxLKkWZGRcseFYTuisMlIwxJDqMVqRc7L5-_kn1-90Qr4IavGYW_IWhXPhY4t4zxvSFhn6T8qsbHGLhE_kFO4N_84089E4bRExBpmPzQY3BfNZqcuSENonH0cn4nbiLHTYTdSoI,,https://octopart.com/opatz8j6/a1?t=qRdcAhyyGUG2d9ISbH1EhevvHJMJu0B-2G_u4dpMgOb_RmarFnO_Z1FaE1Uj_aSJREqpOEJRcorzNbcrXXy8kOdgvmPLGxS2FNMAJMz52tnQSzWO6l-k2DhJ6z4BQZTyzUvglMHv2PaYcs1nocTwXGgY5j-yaVP3FLhAatFyJp2VTSJOrweoq9maiG7WbkHtP9hn9Qs-_ODKFTCWy24s0GOyQWF_iebkQ8AUGqQvEXu513iaf2d0pKZPHDnmHqa-8vAR9PY,,Mouser,652-SRP7050TA-1R5M,Tape & Reel,1.12,6.720000000000001,6.720000000000001,3054,1,https://octopart.com/opatz8j6/a1?t=awYounUb4msZ-4rmHsIO2q6AD898wxBS0YOSWl2GMD13lJ61iWhDd7G-LZAzLBU2j25_p79MBBu4XeJW5fWmV39sGTcCEwWZU9cevG-q0VAQcOS0Hte-ZQdhaHlz0-QbvxLKkWZGRcseFYTuisMlIwxJDqMVqRc7L5-_kn1-90Qr4IavGYW_IWhXPhY4t4zxvSFhn6T8qsbHGLhE_kFO4N_84089E4bRExBpmPzQY3BfNZqcuSENonH0cn4nbiLHTYTdSoI,
ERJ-2GEJ2R2X,5,Panasonic,ERJ-2GEJ2R2X,https://octopart.com/erj-2gej2r2x-panasonic-55420722,"SMD Chip Resistor, 2.2 Ohm, ± 5%, 100 mW, 0402 [1005 Metric], Thick Film, General Purpose",2.2R,"R1, R13, R20, R27, R34",,Production (Last Updated: 3 years ago),21w,Compliant,5,P2.2JCT-ND,667-ERJ-2GEJ2R2X,85Y7932,ERJ-2GEJ2R2X,,Cut Tape,Tape & Reel,Cut Tape,Bulk,,0.1,0.1,,,,371354,45493,34870,93050,,1,1,10,10000,,https://octopart.com/opatz8j6/a1?t=Hv44YubI8z78P1un49wBRHJu63L5BybpcCGpOo6yB4GV__KUHjIB8RrWXuxDLiI0ONE48Vd9JMFWWRWAAI4hb3kMrU7PSvDC2IXXj9LBzzrxLgPMNQ8rp8-mTCmynE4kEKuvbXb6oazKIbKFXBezm6LI2EdADk1DN3YmaJc160ny7B5EDTpMfnojaEKkZrmZQ13p-_4bNDo1WgbCrKeOZ9maXoWT9CZysBBFo3OThVOwFVF9h1otGalPGDSVW-YexwHFNQ,https://octopart.com/opatz8j6/a1?t=Jqov0Gtn7GzadtlpU9hyyoXl7Hd7Umm2Qd3L0ph9CLBp3RdzdMwV6PydC41OTCud3e2XXBIwdO3cMyoV9ebodHKwxVbSH_HPiPfZQ9ts0iTp9SW_4TdZL47AVtx7A-rWWklTUXGVQ1tDgVpYy8KHip7pMiT3rBT5b8AW24kWdE2hu082T5w-CK_Jln0ToM0bZlEXXTiu-4KVHrKZafUMoqKyQyguJjwdircY9sHJCuglierX3X8osnyk6pMJXN5NucEfqRw,https://octopart.com/opatz8j6/a1?t=LxxT37It8ndaMSidWmolzuHG3RThhvA1io9SDbbCJi617MJzC_I0jHFFlfrKZ-h_3-j7RACwcXIJST9tPD3h031zDOm7q1U6ULXjyCWkPPcKx3QxQSN-j0bzYDeVmiABmoZ4ddYCrvcETl9GIQeBe-5Gp26SOpBMIJbRcJGxfgKwTSL-TiBp_RnSKqNQjl14CtMfjBkfXIsMmE0L2q_zx0YVmjnSCJCRNPiwkXZjCi_T_O108mx8k_8gzy1VesA7la0xtEU,https://octopart.com/opatz8j6/a1?t=shLgjTn-X1cSqwjVNn8psEVmQXhRpadyDXPnDhSxu2rnh9HbVBiSzVbLhPkqmFTjec8WdIdDChOcWW8cHiaSsqjwB64DoQAJRqa3JfUGkwBluzM8IaUt7U4jssd3OkZuHiQ3MGSKm0WVkGEIOYpijV1iLXy3scBNyLyA623y5EMGaeW9gMZ8_cqkGW_c0_dvoWrKU7LQl75JDgG2e2uV_BGlZgcvdBXl8qTOlZ2jhX-pcF9FRBhFWZ32S08Kgi6dhmte_Gc,,DigiKey,P2.2JCT-ND,Cut Tape,0.1,0.5,0.5,371354,1,https://octopart.com/opatz8j6/a1?t=Hv44YubI8z78P1un49wBRHJu63L5BybpcCGpOo6yB4GV__KUHjIB8RrWXuxDLiI0ONE48Vd9JMFWWRWAAI4hb3kMrU7PSvDC2IXXj9LBzzrxLgPMNQ8rp8-mTCmynE4kEKuvbXb6oazKIbKFXBezm6LI2EdADk1DN3YmaJc160ny7B5EDTpMfnojaEKkZrmZQ13p-_4bNDo1WgbCrKeOZ9maXoWT9CZysBBFo3OThVOwFVF9h1otGalPGDSVW-YexwHFNQ,
ERJ-2RKF1003X,6,Panasonic,ERJ-2RKF1003X,https://octopart.com/erj-2rkf1003x-panasonic-55403629,Res Thick Film 0402 100K Ohm 1% 1/10W ±100ppm/°C Molded SMD Punched Carrier T/R,100K,"R2, R9, R16, R23, R30, R41",,Production (Last Updated: 3 years ago),21w,Compliant,6,P100KLCT-ND,667-ERJ-2RKF1003X,64R5249,ERJ-2RKF1003X,,Cut Tape,Tape & Reel,Cut Tape,Bulk,,0.1,0.1,0.099,,,3992212,8552150,32655,220000,,1,1,1,10000,,https://octopart.com/opatz8j6/a1?t=rZFMnApv8xvXVL7mWUXFjHshKMvFKg0Jv5CEJcVOn3uzKJu8cg7y6J7efoiXFetjrAQbvMXYwTIdn9lCCcS0JqXfiSm_XmklgGC59Q1BzntKfnZPvKwu75LZuOErJqSD3lYBK3lKdcwKL1q6NrUXMrq_eNRvVysviCNOPACTPa9nnsLFsuITfD4-XeITX3UGKk9LZW403d3HiYhuOtFdZ9qv6JqGHhMQISKltgYn_O9SEOXUp26CVe5_EuAHG8OVfcdFZVQmwEro7Oj8cUC515o6ahah0Io1fQ,https://octopart.com/opatz8j6/a1?t=k-jP8jBk46qeQdhzoOfEKyOxAxQ6Aj2Rag2PShDjf186W70gNfaGxCtMG35rWMwe1z9R1BzZG6TAUgd_082SFMNwLdyfyAoMs4z5XkMLDs1k6v9ZyQOE4UNCNm3I4XtZrZl1Hm24VzY0ox4EbnDYn0pI3rUcacOOfy19xJ4d9LXBdckH16dwVUYGwqcs8ZapVHh01dZvtEFE8LhR-_ek3gSoITY83sDqCg8SmKakiHzT9W5f1OO_S8TVfe0sV56676bhKV7hbmUoajy9Ri2OjnKh5wgpS_z5KAU,https://octopart.com/opatz8j6/a1?t=kaJBCL81JZi16JapDeqn-nqhk-B4oqYizDaKHtx6NN0lMKJrUtIihIVvLsHuOl_Qj2HIAGF3MS65B-Kzs8Jry_pE2ZFFOuAiMeQSp-HQcRTjhv9R1i1StcNTuh2DrWenZtsrlulGRm5NgH3Pn27j0nOxMr4kx3DnpggfsW4wu-BrmLeg1joKDVHEmIdqa5Yv930I8hlDN4WkIhWuX0rRYwZG07YcBDlBCMYeDi5Ry4tSJju3bd9gqnQaKxkKWRL4etthL6GAu5Pwb3OKIfDxNrDC1RIfqTbIPw,https://octopart.com/opatz8j6/a1?t=2zIAdMEL7DcN84k5pe32y5YcoHjVBQyqVlRBUWx5pX7rzB8FXG85bS3QLVOv4jAXG9zf5k_WWcqK3TZgvUwLv_ddpX3UIgyMCVUVe_pvCLPiQySS457DVtjv0DfvY8xWOhCMjoSanWFLRCzLPfJWeKp18ABA-0-_eysTZTfQn5fDl58yn3p7lbp2woHuaiEICOFJPBrfl9Nr2-nNoIYVx89h_VPZugtm16qbvWA85YXLoN2l4SHLRIsTabEvwkEDrBGLk64pzmoq6NM5V3thDWDJg2Y00w2PFeA,,Newark,64R5249,Cut Tape,0.099,0.5940000000000001,0.5940000000000001,32655,1,https://octopart.com/opatz8j6/a1?t=kaJBCL81JZi16JapDeqn-nqhk-B4oqYizDaKHtx6NN0lMKJrUtIihIVvLsHuOl_Qj2HIAGF3MS65B-Kzs8Jry_pE2ZFFOuAiMeQSp-HQcRTjhv9R1i1StcNTuh2DrWenZtsrlulGRm5NgH3Pn27j0nOxMr4kx3DnpggfsW4wu-BrmLeg1joKDVHEmIdqa5Yv930I8hlDN4WkIhWuX0rRYwZG07YcBDlBCMYeDi5Ry4tSJju3bd9gqnQaKxkKWRL4etthL6GAu5Pwb3OKIfDxNrDC1RIfqTbIPw,
ERJ-2RKF4993X,5,Panasonic,ERJ-2RKF4993X,https://octopart.com/erj-2rkf4993x-panasonic-39821441,Res Thick Film 0402 499K Ohm 1% 0.1W ±100ppm/°C Molded SMD Punched Carrier T/R,499K,"R3, R10, R17, R24, R31",,Production (Last Updated: 3 years ago),21w,Compliant,5,P499KLCT-ND,667-ERJ-2RKF4993X,73T6531,ERJ-2RKF4993X,,Cut Tape,Tape & Reel,Cut Tape,Bulk,,0.1,0.1,0.006,,,977444,124145,54209,384530,,1,1,1,10000,,https://octopart.com/opatz8j6/a1?t=FQOkG6oKBDR12mprllO6RyjcAFIvuICyNTRoBJRc-867QhH87fvgPMfuWPmzOn4iuf__0cKsh6qEc4kSboQdHT3C9pRMxaecfyuJU5XraWbqer_sy1QGjDocEjBqllRMhOcScO9OtzjzmdYOfUdObbdpygiCfoIyl7FT7vXwlietM9e-12ajIoOdGHFtkQIe4WfLR_bIN4frURwugowjUVkquzLhZGTkycvvg8bVdDdFHfL0TAUT-sDw5UU4yPRJJviUZA,https://octopart.com/opatz8j6/a1?t=laz3qOfkGyzuJypH01jE_5AjV2pNmAxCOwNf2BMD_KQ58rFItbDhIwzTGj_bzW5qjQjc3XRkomJFPJ1WN9zB09OzUFBs5euHnTmwTX8N-Td4L-ZiUfvjBuq7fV8QvQ90Df539bb9-gwGQUGmbqHl2HAPkpg-GWHQCsOx3lDYj8fNjDUjAGFSJKG0Gx5AIRtQrr-cxGZQ-68vQt1wEo3eNIkZ8A-IRnE9e6G2PtzzchAG9pKGdNGrrj8KbVjEROEgWuRvYlQ,https://octopart.com/opatz8j6/a1?t=dcJOoZFUwbBu9loWEr0uTcdexZ6XkLbbPw79Nd8Egt8b63_P5VWwzoTXV4b2q4FzW1H1Aa3dG0HK5cp9SSIlaqcjAgLl1K3Z3oPnY7nW23qJv5p6FQpaCfPT-Eemvj3Kqgp8bBM_9tb90O-nYLxu2uRs6a6_L28VXZasNjgMXAmTUNupGRfa79ZYNxca12l_wgaOp-9cAkmU0afqvMSH3w_f6ajDNgmr3558TutXDd4Zu4_YNemLFBkfwUJKF6cFqVHiQA0,https://octopart.com/opatz8j6/a1?t=m39BL9TouczkHYvRCxNP1txAmGlR3KjJqgvnBCJdk0q6ChRVx1Ij8bFF51alkbQ1Nqn8ARTfjw2AHg7j-XIBWXEidq_HGd_Rv4PoU4u-vpfNNzncQMTRPa8WPCF0alMZJYZHfuWtuyMCNFSL1E2h6XFB3VJ_xEaoTpljjoAlnm3hkdnN8HuhVU00Z-PXNFeHoFFMu0e4oFv-xWR-lxNBjtPtXAQGTqgtOo54PUKJmUfj_oA1V2jOkabjzV_2ESwBUfKR9sE,,Newark,73T6531,Cut Tape,0.006,0.03,0.03,54209,1,https://octopart.com/opatz8j6/a1?t=dcJOoZFUwbBu9loWEr0uTcdexZ6XkLbbPw79Nd8Egt8b63_P5VWwzoTXV4b2q4FzW1H1Aa3dG0HK5cp9SSIlaqcjAgLl1K3Z3oPnY7nW23qJv5p6FQpaCfPT-Eemvj3Kqgp8bBM_9tb90O-nYLxu2uRs6a6_L28VXZasNjgMXAmTUNupGRfa79ZYNxca12l_wgaOp-9cAkmU0afqvMSH3w_f6ajDNgmr3558TutXDd4Zu4_YNemLFBkfwUJKF6cFqVHiQA0,
ERJ-2RKF1302X,1,Panasonic,ERJ-2RKF1302X,https://octopart.com/erj-2rkf1302x-panasonic-55420894,Res Thick Film 0402 13K Ohm 1% 0.1W(1/10W) ±100ppm/°C Pad SMD T/R Automotive AEC-Q200,13K,R4,,Production (Last Updated: 3 years ago),21w,Compliant,1,P13.0KLCT-ND,667-ERJ-2RKF1302X,53W4207,ERJ-2RKF1302X,,Cut Tape,Tape & Reel,Cut Tape,Bulk,,0.1,0.1,0.002,,,236103,74210,69501,250228,,1,1,1,10000,,https://octopart.com/opatz8j6/a1?t=Pp_lx9Bv8xeoJjExw3NC8vNtmqIbCtE9D7YZIzmyxPrxL9ygXqecuIdV42qtsD3E_hkyq7fwhczQBHLsbMFcyZ65zIN1sWmLI4qn7H70clCAHMizFAhT8GXtu--NJuJTIwi3Yx_7_b1E1eJmhGDS25xqgKVsLN7msN_nlE9Ef018xe5rUn-0yEy9AM2Ssd67EKwRLn_WjrpCOAOyfm9JIRbi07dWRtIm5plYKMDN5nHSMoD6vsoj5s6QB-DgJuR7jWA95A,https://octopart.com/opatz8j6/a1?t=Czv4Xwwp1tDPLHKJD3nEbPBpKOojTnzk-EUfdIpR5lrFRuU7qKc4SBWvaLQ-7CBNddkZk2Gh9XgQ0ka4NYGuKPWA37ko3Wb1Sid6VvX7TYNT1gthRuHbt_WgJu-wYDWieSi7ujhVgzgOETYUK1nfQ10odooxMQeN-Zpkc3ArgF5uPbbKvff-MvMVdvcvrI40TdloT8iHAwXxFHRwL98DHupKn5cc2sq1qP50MFbu-XzmF9EckDqCqEZEMd2stuoFlvrqc9s,https://octopart.com/opatz8j6/a1?t=77uXqwb3vEiPR6pOuDdPMnkiN7-ZOnoOGt2ez0InYvItk3houESAQciS_xRxsOnemO7Yf0hPpwjz8WEKDcP2D7_m8_OyFozLtYsfEPFQ6L2-lx-GFJ9Jmm15cBh7bGabBZq8zhfrF6LWydERH6YPWVnZOmO3HB_Js9Bbafr0lbupgENHJIxs5P-uaiDDENV-SLQ3tryb2vsZiyaovi15DHDkUxxZ8JQf7Fl2Fy_9C2uorDHkDZ8Uti8rUy2ry0IzEKrIqMc,https://octopart.com/opatz8j6/a1?t=wc8GPKrKNdFUhgtVuFlUopROHMB6KYPVCn8h0WcAhmYl0F91_Cq4w7NWZrMNrFYzFW8u7_CuKyGA3VU3NfW9T2LVvSqdd54uMbM6nt4KNj7VRYnrS2_51jv8is8FawJFsnIs-zqKj3RKAwJsW7NSGj3l7Nc7ZjWEfT8yBVHV79IZub5TFug7HAzRnNHQO75T6iX7CzlSzQi0fJH6Re4VpJ8P8pLqTyB2S9hbEqX-4Aj9n-J_iluXBi6OiPLHHQyMOoNHE8M,,Newark,53W4207,Cut Tape,0.002,0.002,0.002,69501,1,https://octopart.com/opatz8j6/a1?t=77uXqwb3vEiPR6pOuDdPMnkiN7-ZOnoOGt2ez0InYvItk3houESAQciS_xRxsOnemO7Yf0hPpwjz8WEKDcP2D7_m8_OyFozLtYsfEPFQ6L2-lx-GFJ9Jmm15cBh7bGabBZq8zhfrF6LWydERH6YPWVnZOmO3HB_Js9Bbafr0lbupgENHJIxs5P-uaiDDENV-SLQ3tryb2vsZiyaovi15DHDkUxxZ8JQf7Fl2Fy_9C2uorDHkDZ8Uti8rUy2ry0IzEKrIqMc,
ERJ-2RKF1002X,15,Panasonic,ERJ-2RKF1002X,https://octopart.com/erj-2rkf1002x-panasonic-55411477,Res Thick Film 0402 10K Ohm 1% 1/10W ±100ppm/°C Molded SMD Punched Carrier T/R,10K,"R5, R6, R7, R8, R11, R12, R15, R18, R19, R22, R25, R26, R29, R32, R33",,Production (Last Updated: 3 years ago),21w,Compliant,15,P10.0KLCT-ND,667-ERJ-2RKF1002X,85Y8053,ERJ-2RKF1002X,,Cut Tape,Tape & Reel,Cut Tape,Bulk,,0.024,0.016,0.016,,,5301483,4525988,308665,3560500,,1,1,10,10000,,https://octopart.com/opatz8j6/a1?t=2G3yd2ZDcw-NRb5u_V2VZXa7tpCY-py8DVZgHbtTT2cTDTNDh1yqNuTQ5GvxMsyrunx_XfeFZpJF5usSOJ3pY0N0W_YzvMmuF373aTKdjK66cQWdfWEVMEszZvTXZkC6QByhCROK9nLO2yygxYttlVYZk2WyZ6eX_V1oaP4kyx--4XpUWO2MUJ3TxPLPdzx-1GMVBrtrbotr6OvU5YOJoN5QojBgCR04n6cbMeEdX-atfIA4VZQc5O7KMkZd4NWU0W2gEnwe4o5613N8DNpWYg3qporLIs0wlg,https://octopart.com/opatz8j6/a1?t=YK9yGJ7HDyn4UoHT5zeuNvTTXvcXpn9XH7nGPTXAvTKSSznf7mXVPuUKt2jVhTGbzxVU6sn49hNHBZk_sa75DcPmLSAi6H5qNweRs5HYoGOr9bywzyFG2h2BPMpqX3bq05Mi0xIkWmkdL2Cfa1veihHUPDm3Da08fk5FNWZls306XWwlcQedinSYPSdW14ZfT8C4P1XqPzcNXhB0cTJ9H0tU-KqroMKhHlOdu2y0RgmCmGY5Y9XACDRrXMQO9BB23gmG4Gvr6FXU1TihU_pTXXv15fhk5klMgB0,https://octopart.com/opatz8j6/a1?t=K0qI21anI5Q9IDquNGTAUpQ6kPBBESjO2r1gwMXvVWAegL0k6fhEJWzQgB3ZycIo_nxWNhlyxFaQ4aW93YSKFYTIKfLMtvWALnVWAZZdJxfT3mES6LRC3PbMmKrWkgLYOXsJyg8riNwDdeNNaB3iDW64OUjAOqjaYkkx7DpBu6L8aHpPJtBhuLQvitWY5nxKGbesY7WDFTQ57QYpsmZ5j50lSVnM7JY5TWF5j_rg3v0t7vLmZLcq85ra55djYhC2lIG4xwEM7RdvQbO13gLSqRnp6mS_7rbWek8,https://octopart.com/opatz8j6/a1?t=dRCx0gB4W5kRz7-UE7BbW-w9bf0Q4I_TMOtTo9OKI3LQ7DfC7BOohuc1IBGSv9lbwKCg8Chr2sevBtre8Bk6IT-XmEfJWWooukLqIFfq8EygZdGoS3doh4BDP0M6sglrkqeTUMFyFAKquKWt-LzAAALejnD58kiEAg0-kCXyVZfyEh3Rs1Tiht025SGpicM3Ikqzv9sEwzk4YslWyK11lv1Y_YrJCXN4pDLvMwys2Ha9q6DdwSrWfqWxJhYmO7-Eo76Ut1Lfz4lOHF48RIy1AnaAu36aRnQLtt4,,Mouser,667-ERJ-2RKF1002X,Tape & Reel,0.016,0.24,0.24,4525988,1,https://octopart.com/opatz8j6/a1?t=YK9yGJ7HDyn4UoHT5zeuNvTTXvcXpn9XH7nGPTXAvTKSSznf7mXVPuUKt2jVhTGbzxVU6sn49hNHBZk_sa75DcPmLSAi6H5qNweRs5HYoGOr9bywzyFG2h2BPMpqX3bq05Mi0xIkWmkdL2Cfa1veihHUPDm3Da08fk5FNWZls306XWwlcQedinSYPSdW14ZfT8C4P1XqPzcNXhB0cTJ9H0tU-KqroMKhHlOdu2y0RgmCmGY5Y9XACDRrXMQO9BB23gmG4Gvr6FXU1TihU_pTXXv15fhk5klMgB0,
ERJ-U02F1502X,1,Panasonic,ERJ-U02F1502X,https://octopart.com/erj-u02f1502x-panasonic-26326557,Res Thick Film 0402 15K Ohm 1% 1/10W ±200ppm/°C Molded SMD SMD Punched Carrier T/R,15K,R14,,,16w,Compliant,1,10-ERJ-U02F1502XCT-ND,667-ERJ-U02F1502X,,ERJ-U02F1502X,,Cut Tape,Tape & Reel,,Bulk,,0.1,0.11,,,,147080,50911,,0,,1,1,,10000,,https://octopart.com/opatz8j6/a1?t=-Z7yd1DIBLwtLxRdTYz6lkuE8rLII0b1qnrozTf5CU0KqcBlGhInzG07XV3BHr0enEuOjxiog37MG_fEvkEX3rYfOQ2HC9-0sYJ1fAk_f8NWlzRYIkGqRUtTTJZUPVfC0zGnMruIHfvgLEGM7d2hZo1yscXg3xcg7ScmDTrOArcc7sS5iGfiCRtSI7NQSVgXd6p3k7Yg3uGtifTBY7T023-ti2seyZdDVeSbH5TQVx5N45KXpH3aC-HT-oMVfmEK6RYVTg,https://octopart.com/opatz8j6/a1?t=PJCiuIZUhoRFOyQfRaMa_yR3wSxho4aoGjWYn9yIwxYnnZ_JfgHIy_OxD-dQBzoCSl4DOVy9VlXEDM3G59fa3ZU3HYtSbMiFuNpP8jkVusmmyLS7XHme6-eLCc7ucRGHCv0XME3ggQoirTKOJa_UWiywy2qRBySPw-lHi1xRWXJaaYFz5tXa5BF39M0QllZucylXeGXMvmFWAh_EL9VSjr_cBciXTCFfY-9xmlkDqm7upTU6Dc0F6NOscKXtOf3WlDmCzyI,,https://octopart.com/opatz8j6/a1?t=bZWhojLPhI3sL0DKd6LJjUmqhPdoL4wi7UemTTRaPPwFGTmnQSjGBIMfFBj9GpH2KIsl7IJiAmxwTP-irEJ1PJu2TnkexRM7R5mAgzxGfJJ2mDJ71TLj6fSP_yYzPni5rq5jAyAGuUtz3vHUqk5Lvom9lmvCVchAluGbDDj4Ehs3cjH48Z_2Z2Rko8cGiynd6AZ2Is-6hXN6Vou6Xa3EWinw3zJRFIHok9uSI2z9UtJd-37nMpVkX93gOBooRoKpkQ38dNE,,DigiKey,10-ERJ-U02F1502XCT-ND,Cut Tape,0.1,0.1,0.1,147080,1,https://octopart.com/opatz8j6/a1?t=-Z7yd1DIBLwtLxRdTYz6lkuE8rLII0b1qnrozTf5CU0KqcBlGhInzG07XV3BHr0enEuOjxiog37MG_fEvkEX3rYfOQ2HC9-0sYJ1fAk_f8NWlzRYIkGqRUtTTJZUPVfC0zGnMruIHfvgLEGM7d2hZo1yscXg3xcg7ScmDTrOArcc7sS5iGfiCRtSI7NQSVgXd6p3k7Yg3uGtifTBY7T023-ti2seyZdDVeSbH5TQVx5N45KXpH3aC-HT-oMVfmEK6RYVTg,
ERJ-2RKF2002X,1,Panasonic,ERJ-2RKF2002X,https://octopart.com/erj-2rkf2002x-panasonic-55477596,Res Thick Film 0402 20K Ohm 1% 1/10W ±100ppm/°C Molded SMD Punched Carrier T/R,20K,R21,,Production (Last Updated: 3 years ago),21w,Compliant,1,P20.0KLCT-ND,667-ERJ-2RKF2002X,73T6487,ERJ-2RKF2002X,,Cut Tape,Tape & Reel,Cut Tape,Bulk,,0.1,0.1,0.098,,,670325,1271760,6389,1208000,,1,1,1,10000,,https://octopart.com/opatz8j6/a1?t=Qfmw1091k4Vj03D4FBMouP9CE6IDmSccKJXcKW_FCSAcnVGVmCs8kPv6IGbHrMwnc_lu82J8FLkFB-DIYGXvbG_YryRSvaWFMJMIbzLOCAd_Zbcvnm1XiE4WH77tUoBASUqnizGqe22jVxQ97lZv9OrMooyEfuLuinGizLLnFt2yD1yU8KZrsrdyUBzMVVek-UP2Sz5PJcXc1tlVBWGkybV6mHxI_QSg-OdeLMKWB7YHLOi0PMQH6adVE-0wCTJw_h9Wad5R0mFPKSVGCM4WwGQcpBD5QFMwVQ,https://octopart.com/opatz8j6/a1?t=cbaWQhgYdUrGbpiWZi1-P37jMBGcghXbO487n7gQxMQd814Lr6mHbP3QZU3jwtZq6GjOuJJRKJPNbCH-Kbl8VhU3Uy2VY5DR9mcqoRZfFJf6yQUgTq_QRabh2Mrwe4xz2m54gEpsjLOUWwesUvJFBrpShrgxR-FNrxO5wi-pJa_MTcgxyEm0rAAXVgKd1_4gUCkLTofAl9z_MBLMHFLo_4Dj79H4i0U1Lhm2Qda7U4M-KRZNZXXZH27VcCrsaQRv2XXIZHMWLePVBANAJD903x_K2OWx1gfYEMs,https://octopart.com/opatz8j6/a1?t=yjLxgblWItZWh3p3pA-_5UDH66bP4TxCbwezxc_I9hFRSyARf1h3gTJeMVkEtvygBSoeY46L1--Buv2Zy4TYCkPYBymTQ7u_EAngEZcn1ZLFCCa5lTRvgi7rrKTI1awkf3yKo7ZntIh7NQmS-57lfwgy84sMfO8dqW7o4qq1BhOQ7JwnnytgW2KORsNzcA-0BIdUHO3ksiyfjaMhN99iXWvt33GH6HIT7-1mV_QM0FM5A6MW5Qi-_E2kXtYREjpJ2WdvUB8HOAsH48RXtl-vlGpCHbJRDRHw7g4,https://octopart.com/opatz8j6/a1?t=Xti48jzMzQZJlkulQKFA0QBwapfVzA8LIM8t-1hMlPMCwdPonhWFNrBjzxthdbrGYZ3Oj2qSytqZDn6cudS3XmdEzWXRpFa-p96iD37AMWgOWz600UTsjCJ8BydJ0XV8MLXvlV1J-6oYMBFzXFbnt9O62gP8OnafVsOoThIAZ7w94DJVjmA9CqbUJr-XWGS9o0ZNABKTi_jWvyjFQNpDeNtdb9p39MmVQUB8nz29KZ_6kkx_B_OrhZJQrY5XSjQXHRFQ1erEyUQE0RqhFQ-ptFl3Yc3fDunXgAQ,,Newark,73T6487,Cut Tape,0.098,0.098,0.098,6389,1,https://octopart.com/opatz8j6/a1?t=yjLxgblWItZWh3p3pA-_5UDH66bP4TxCbwezxc_I9hFRSyARf1h3gTJeMVkEtvygBSoeY46L1--Buv2Zy4TYCkPYBymTQ7u_EAngEZcn1ZLFCCa5lTRvgi7rrKTI1awkf3yKo7ZntIh7NQmS-57lfwgy84sMfO8dqW7o4qq1BhOQ7JwnnytgW2KORsNzcA-0BIdUHO3ksiyfjaMhN99iXWvt33GH6HIT7-1mV_QM0FM5A6MW5Qi-_E2kXtYREjpJ2WdvUB8HOAsH48RXtl-vlGpCHbJRDRHw7g4,
ERJ-2RKF3402X,1,Panasonic,ERJ-2RKF3402X,https://octopart.com/erj-2rkf3402x-panasonic-55421118,Res Thick Film 0402 34K Ohm 1% 0.1W(1/10W) +/-100ppm/C Molded SMD Automotive Punched T/R,34K,R28,,Production (Last Updated: 3 years ago),21w,Compliant,1,P34.0KLCT-ND,667-ERJ-2RKF3402X,,ERJ-2RKF3402X,,Cut Tape,Tape & Reel,,Bulk,,0.1,0.1,,,,81749,36372,,199949,,1,1,,10000,,https://octopart.com/opatz8j6/a1?t=DPpjEsLCM7SrX7z5uTJr54-j1MdnAR5PXXZzZS-tUcixTILrySPLjImEPHhJhksdjT9PCFUxl-VK5tjFcHmKFYc_aqSbL8zVtZMMExPIGYRct8dCAZp63ZAOy-mMbplyVJrOz2QvPRMdYXlwJIOFWaqsijgmgihlEz0PM1lm0TCDyQw1TamwoUx2HxCRKzAFY2YhiIrycYissOp1jsW_EuqTp2Fyb-hLMnF2ta1O5sab659AFTlGnatEENhuDaa4PsyX8Q,https://octopart.com/opatz8j6/a1?t=lvhdTFuv_mVhONYqjtL_4WIfNr4sCEsQYIg4Aq8LIzOht11DFP-W9l6_8nFhvn7ewqydi12ruylVFjhlBLXMtLzLTEu2ttqbCf_guUasrkgi-vcpW0_P_yrzUuQcPGymvx65OnrpqW5-gRath9jgncgIlBGPWVynyeI98K8Rh04xI-lwCyhDhV6qrp365vguKInCFAmOHQJ25tTpTBAK-6ri6Yv18rMN2uBJvPHsjKQvPtzq31clwZUECwbU8Gnwx_GCl-c,,https://octopart.com/opatz8j6/a1?t=YYwGxO3uHkkcCYNaj0Cg0nV5xA18KLXFmZyDe9oPhw85x7IS07LWOY4-lZeB4y0A7aGgRSY9GL24OWahSCwuJ-7jEaG4-Bi7DncbYsL2XUlW1jmlTze7M7WtVFOgR1QCmh2GijWk3t3gf-5pYuKfnThygcatvgjZ4z4959R4lyw019igAf9ZZU24YaTVp5mUz8zl9MCTac_CRRzA5ytDm7R59hXBr43FVgfgNN8mfWPY7Id3Jcge_XOdVzDzXxbfAmxamxA,,DigiKey,P34.0KLCT-ND,Cut Tape,0.1,0.1,0.1,81749,1,https://octopart.com/opatz8j6/a1?t=DPpjEsLCM7SrX7z5uTJr54-j1MdnAR5PXXZzZS-tUcixTILrySPLjImEPHhJhksdjT9PCFUxl-VK5tjFcHmKFYc_aqSbL8zVtZMMExPIGYRct8dCAZp63ZAOy-mMbplyVJrOz2QvPRMdYXlwJIOFWaqsijgmgihlEz0PM1lm0TCDyQw1TamwoUx2HxCRKzAFY2YhiIrycYissOp1jsW_EuqTp2Fyb-hLMnF2ta1O5sab659AFTlGnatEENhuDaa4PsyX8Q,
ERJ-2RKF4532X,1,Panasonic,ERJ-2RKF4532X,https://octopart.com/erj-2rkf4532x-panasonic-55403638,"SMD Chip Resistor, 45.3 kOhm, ± 1%, 100 mW, 0402 [1005 Metric], Thick Film, Precision",45K,R35,,Production (Last Updated: 3 years ago),21w,Compliant,1,P45.3KLCT-ND,667-ERJ-2RKF4532X,53W4382,ERJ-2RKF4532X,,Cut Tape,Tape & Reel,Cut Tape,Bulk,,0.1,0.1,0.002,,,193887,138364,44040,139533,,1,1,1,10000,,https://octopart.com/opatz8j6/a1?t=bfRip7WqZRPw4vKhU9DQLqFdeXZLLusV0Gs3FgLKhBOQaHTFbuipoM7wSy0PSHU4uyhg0JnNT2VJeL1vcRrCjU0dtH1etfjvc2V9HJCFn0WvyM8H_i7DdZtqEmrIItDAAxPzBMKItf30tDZoX9_YU4aokJGTX1DzCdE5fMhWPWhJP1ogkFTMyIGCQg1VSlWVwQG_bPkSlGyR9lJ4rPA1YdgFXTQ737ds3VE4ylftMC7f_pB0Ig2GW4D7wJNqe0fdXynVJw,https://octopart.com/opatz8j6/a1?t=1wNNfl5s_yZF0m4xOoA2EDQ0m_fP_b4Ch__lhORU7pCAFyEn9DOXWITe29MjTGtlXIqOsgkEb7L5ZKsgOFXE3NeHl7L79kuujg0pUvp8_BS_xUIBvoZOmjvOCsO1_vN1AXt6KEW1MCSGE04QYFFSKzFCe1iBrnDS74Xfn2mvCEmcFO3bVUW51gkpDU4fd1LjR2E8timpEwwaiqETCwn5g4-zYnrg3dcvPBmYMOgCYvhGRC0zoNam3AW6i_ELa2XkCTfMr1I,https://octopart.com/opatz8j6/a1?t=4hrdg6tYopZyAzpuUQNV6OL1J4-KHYf4mdrJvQQotgF1BHqTlnkrdCMTpS65XOzLx0tclLXnRc4THc1mxvcuxsNpLLnZc78WjdWtHlysmHwv2dJmjtL904SO_vprz5dt8E0nQz3XZPL_wQRHG4gqdd_LRya5N3Dp5LVZM9kWT-8XIGUVKiyhdvteC1RF0xlNC48OKcJ7JRnopa-Bjibsqppj0_WIxAKr0nk2YAZhEhzqMn7sFRlHo1mZH-PJj-KGN4p1O0M,https://octopart.com/opatz8j6/a1?t=Tg_aRzz6SaNr45uJ1llNESicEzDe8g1Z4zsWIz1iu43QrVefXcYOPGpAEd4gZBm9hHQxJ_NrlxG-qTLYv358tKHpFH3ACQ9dmU5Z7tdXppuifzcm-XPE2vYzfcZseZfJqCVCXr9OOPa9eq-kUGoRtRsnCQqZxQ1iO8hXLR02i_CYTbj0cTkMQUJ6WEcuMq8jlX8TiLAIOk25wbpVGsr-SsFwRunpNL4Xk3snJHXPOAwcvTB6HXNSzP-6HHzaOQpodxQ4o9g,,Newark,53W4382,Cut Tape,0.002,0.002,0.002,44040,1,https://octopart.com/opatz8j6/a1?t=4hrdg6tYopZyAzpuUQNV6OL1J4-KHYf4mdrJvQQotgF1BHqTlnkrdCMTpS65XOzLx0tclLXnRc4THc1mxvcuxsNpLLnZc78WjdWtHlysmHwv2dJmjtL904SO_vprz5dt8E0nQz3XZPL_wQRHG4gqdd_LRya5N3Dp5LVZM9kWT-8XIGUVKiyhdvteC1RF0xlNC48OKcJ7JRnopa-Bjibsqppj0_WIxAKr0nk2YAZhEhzqMn7sFRlHo1mZH-PJj-KGN4p1O0M,
RC0805FR-07200RL,1,Yageo,RC0805FR-07200RL,https://octopart.com/rc0805fr-07200rl-yageo-1212698,"SMD Chip Resistor, 200 Ohm, ± 1%, 125 mW, 0805 [2012 Metric], Thick Film, General Purpose",200R,R36,,,18w,Compliant,1,311-200CRCT-ND,603-RC0805FR-07200RL,82AH8300,,,Cut Tape,Tape & Reel,Cut Tape,,,0.1,0.1,,,,451290,739854,246612,,,1,1,10,,,https://octopart.com/opatz8j6/a1?t=1yWMxTV6PyYmQBuFlHhXGH4rUfF7y30Pt80H2kTXz7-mnhpcadC2vpUsTzgl3yXQVn32uleeHMDhgtgrdVCZYGOOrblEqLMBeOx96IHxbOqMUVRunzZF5lOGq8vZhnI4ZmmMHtnjNDpOztoIXlRgeiHB8lpo7kEAP1qWWpGCbquUvfWGg_kAoRo1iYFZmn3M97s7aOuQgU1rAJ5CXx9Yk-WDczMQCt-3PeTsflCsul6e_gmGdBsjVOz4UQvqWMLudA,https://octopart.com/opatz8j6/a1?t=M3QtzVb70dKz5H4GElLDMCgmZn7PKmaV-RIFqGzCp-beJi_BCgBtdGYKfo8O-_cfEtnpUa0sYD8J8nJICnJ8eOIXWYMAu_-VhpECaYE9hLy9fa8qfgLELPDc7ouALcHNBue1E6TwuRkmfl6MvxX7QxfGF3IX3uD1jrLfggpUvIOyPmaf_Ngd7hi0NkI-OMitinqs7FLHFa2uva8-qaXwJZmI4lmznbQbzVMHYVOsc9k_3sie_h5orx5vUYYEag5zQxrc,https://octopart.com/opatz8j6/a1?t=rBL9cmNQZzX3AiZHB4xhfVT9wJWZYbqmjSmEoAVFJnZdUQeXmglvFQCw3cIZR7EK0fi_N4IkLYAGd1xuGcyiUihTHs__m1pA05-doZAxjkDtaA0ibFXbEcGbuCIakoqPddD8me0i2h2WXAbiZGfs5R3iSwA7SugUA4kLlc1zfKth7oEu-qnAE5rYCxFcJuitNXWzlSjs1UyZK6RYdA7AWMRJH5heAmMZVk6QHGB3rAGTEY0SazjO-8IOxS2nbisVVnsjIA,,,Mouser,603-RC0805FR-07200RL,Tape & Reel,0.1,0.1,0.1,739854,1,https://octopart.com/opatz8j6/a1?t=M3QtzVb70dKz5H4GElLDMCgmZn7PKmaV-RIFqGzCp-beJi_BCgBtdGYKfo8O-_cfEtnpUa0sYD8J8nJICnJ8eOIXWYMAu_-VhpECaYE9hLy9fa8qfgLELPDc7ouALcHNBue1E6TwuRkmfl6MvxX7QxfGF3IX3uD1jrLfggpUvIOyPmaf_Ngd7hi0NkI-OMitinqs7FLHFa2uva8-qaXwJZmI4lmznbQbzVMHYVOsc9k_3sie_h5orx5vUYYEag5zQxrc,
MAX16054,1,Amphenol,MAX16054,https://octopart.com/max16054-amphenol-27074272,max16054 on/off controller with debounce and ±15kv esd protection industrys smallest pushbutton on/off controller,MAX16054,U1,,,,,1,,,,,,,,,,,,,,,,,,,,,,,,,,,,,,,,,,,,,,,,
TPS61235PRWLT,1,Texas Instruments,TPS61235PRWLT,https://octopart.com/tps61235prwlt-texas+instruments-75117734,Conv DC-DC 2.3V to 4.5V Synchronous Step Up Single-Out 5.1V 8A 9-Pin VQFN-HR EP T/R,TPS61235PRWLT,U2,,Production (Last Updated: 1 day ago),6w,Compliant,1,296-44628-1-ND,595-TPS61235PRWLT,,,,Cut Tape,Tape & Reel,,,,1.9,2.7,,,,10143,1257,,,,1,1,,,,https://octopart.com/opatz8j6/a1?t=psHccH1riHsehg1yRiqejK5Y-MnMFMZBMwGpD8DP8TAibJsUE4n_l5W1J7teDX4scBdJZOO7jv0b1PMcxuJzuQO32Cv6PdxjtTx6e7wQxam2S0Hde6R7WI6Ucz70dBAo9MXj1P6B1XdS7KTuyO4yOG365ftLXSJb0vvXROi9vGS4YXplRojcTF5PLD-MbjxEXox7hFfJpMdZHPf3bjwR0ehYfPK3woef-jBl2JPwScgSXvjsm5voL549n95z8X2mhVYeuQ,https://octopart.com/opatz8j6/a1?t=S9a9Uo8Afp_opPEQxrQ794NCtDg62YYXJxjQIxt9dj4uNIAlbUQfay2BdGq1AP9_Rpl-r2YPzSFnGOQ_uLFQ8wPdD6RHJ6JBO0tPwrPI4jGeFISgCxZFrmCIs9jZnUJ2PHaGtX3pGhXYXCOzp-fuXtve5VbygLh4_ntxk0R5AO_9CwIiCct1qxk3yDplDfRLid6syFBgQY_Gr1acx7NMy4UDiK4J7HKdHrcx2key2zjCGJPv4YlYnw6ToWyJz757rj5FXvw,,,,DigiKey,296-44628-1-ND,Cut Tape,1.9,1.9,1.9,10143,1,https://octopart.com/opatz8j6/a1?t=psHccH1riHsehg1yRiqejK5Y-MnMFMZBMwGpD8DP8TAibJsUE4n_l5W1J7teDX4scBdJZOO7jv0b1PMcxuJzuQO32Cv6PdxjtTx6e7wQxam2S0Hde6R7WI6Ucz70dBAo9MXj1P6B1XdS7KTuyO4yOG365ftLXSJb0vvXROi9vGS4YXplRojcTF5PLD-MbjxEXox7hFfJpMdZHPf3bjwR0ehYfPK3woef-jBl2JPwScgSXvjsm5voL549n95z8X2mhVYeuQ,